"","State","Date","Weeks Delayed","Deaths (as recorded in last released dataset)","State Population (in millions)","Deaths per Million of State Population"
"1","Alabama","2020-04-04",6,1180,4.903185,240.659897597174
"2","Alabama","2020-04-11",6,1149,4.903185,234.337476558604
"3","Alabama","2020-04-18",7,1165,4.903185,237.600661610769
"4","Alabama","2020-04-25",7,1157,4.903185,235.969069084687
"5","Alabama","2020-05-02",6,1158,4.903185,236.173018150447
"6","Alabama","2020-05-09",6,1198,4.903185,244.33098078086
"7","Alabama","2020-05-16",6,1172,4.903185,239.028305071092
"8","Alabama","2020-05-23",7,1158,4.903185,236.173018150447
"9","Alabama","2020-05-30",8,1127,4.903185,229.850597111877
"10","Alabama","2020-06-06",7,1202,4.903185,245.146777043901
"11","Alabama","2020-06-13",6,1150,4.903185,234.541425624365
"12","Alabama","2020-06-20",6,1104,4.903185,225.15976859939
"13","Alabama","2020-06-27",7,1181,4.903185,240.863846662934
"14","Alabama","2020-07-04",7,1244,4.903185,253.712637805834
"15","Alabama","2020-07-11",6,1296,4.903185,264.317989225371
"16","Alabama","2020-07-18",6,1306,4.903185,266.357479882974
"17","Alabama","2020-07-25",5,1376,4.903185,280.633914486196
"18","Alabama","2020-08-01",6,1410,4.903185,287.568182722047
"19","Alabama","2020-08-08",8,1395,4.903185,284.508946735642
"20","Alabama","2020-08-15",6,1338,4.903185,272.883849987304
"21","Alabama","2020-08-22",7,1322,4.903185,269.620664935139
"22","Alabama","2020-08-29",7,1245,4.903185,253.916586871595
"23","Alabama","2020-09-05",6,1247,4.903185,254.324485003115
"24","Alaska","2020-04-04",10,101,0.731545,138.063960521909
"25","Alaska","2020-04-11",11,84,0.731545,114.825472117231
"26","Alaska","2020-04-18",10,84,0.731545,114.825472117231
"27","Alaska","2020-04-25",10,69,0.731545,94.3209235248686
"28","Alaska","2020-05-02",10,88,0.731545,120.293351741861
"29","Alaska","2020-05-09",12,97,0.731545,132.596080897279
"30","Alaska","2020-05-16",11,86,0.731545,117.559411929546
"31","Alaska","2020-05-23",11,86,0.731545,117.559411929546
"32","Alaska","2020-05-30",8,103,0.731545,140.797900334224
"33","Alaska","2020-06-06",13,82,0.731545,112.091532304916
"34","Alaska","2020-06-13",9,90,0.731545,123.027291554176
"35","Alaska","2020-06-20",12,92,0.731545,125.761231366491
"36","Alaska","2020-06-27",12,93,0.731545,127.128201272649
"37","Alaska","2020-07-04",10,83,0.731545,113.458502211074
"38","Alaska","2020-07-11",12,102,0.731545,139.430930428067
"39","Alaska","2020-07-18",12,90,0.731545,123.027291554176
"40","Alaska","2020-07-25",11,95,0.731545,129.862141084964
"41","Alaska","2020-08-01",7,111,0.731545,151.733659583484
"42","Alaska","2020-08-08",10,107,0.731545,146.265779958854
"43","Alaska","2020-08-15",10,76,0.731545,103.889712867971
"44","Alaska","2020-08-22",9,119,0.731545,162.669418832744
"45","Alaska","2020-08-29",11,93,0.731545,127.128201272649
"46","Alaska","2020-09-05",13,100,0.731545,136.696990615752
"47","Arizona","2020-04-04",4,1323,7.278717,181.762802427955
"48","Arizona","2020-04-11",4,1375,7.278717,188.906918623158
"49","Arizona","2020-04-18",4,1292,7.278717,177.503810080815
"50","Arizona","2020-04-25",4,1372,7.278717,188.494758073435
"51","Arizona","2020-05-02",4,1384,7.278717,190.143400272328
"52","Arizona","2020-05-09",4,1401,7.278717,192.47897672076
"53","Arizona","2020-05-16",4,1300,7.278717,178.602904880077
"54","Arizona","2020-05-23",3,1251,7.278717,171.870949234597
"55","Arizona","2020-05-30",5,1297,7.278717,178.190744330354
"56","Arizona","2020-06-06",4,1385,7.278717,190.280787122236
"57","Arizona","2020-06-13",5,1458,7.278717,200.310027165502
"58","Arizona","2020-06-20",4,1531,7.278717,210.339267208768
"59","Arizona","2020-06-27",4,1589,7.278717,218.307704503417
"60","Arizona","2020-07-04",4,1767,7.278717,242.762563786997
"61","Arizona","2020-07-11",4,1923,7.278717,264.194912372606
"62","Arizona","2020-07-18",4,1949,7.278717,267.766970470208
"63","Arizona","2020-07-25",4,1828,7.278717,251.14316163137
"64","Arizona","2020-08-01",3,1760,7.278717,241.800855837643
"65","Arizona","2020-08-08",3,1564,7.278717,214.873033255723
"66","Arizona","2020-08-15",4,1502,7.278717,206.355048561443
"67","Arizona","2020-08-22",4,1474,7.278717,202.508216764026
"68","Arizona","2020-08-29",3,1444,7.278717,198.386611266793
"69","Arizona","2020-09-05",5,1286,7.278717,176.679488981369
"70","Arkansas","2020-04-04",5,618,3.017804,204.784671237761
"71","Arkansas","2020-04-11",5,633,3.017804,209.755172966833
"72","Arkansas","2020-04-18",4,642,3.017804,212.737474004276
"73","Arkansas","2020-04-25",5,628,3.017804,208.098339057142
"74","Arkansas","2020-05-02",4,636,3.017804,210.749273312647
"75","Arkansas","2020-05-09",4,666,3.017804,220.690276770791
"76","Arkansas","2020-05-16",5,596,3.017804,197.494602035122
"77","Arkansas","2020-05-23",5,656,3.017804,217.37660895141
"78","Arkansas","2020-05-30",5,627,3.017804,207.766972275204
"79","Arkansas","2020-06-06",5,662,3.017804,219.364809643038
"80","Arkansas","2020-06-13",5,675,3.017804,223.672577808234
"81","Arkansas","2020-06-20",5,710,3.017804,235.270415176068
"82","Arkansas","2020-06-27",5,678,3.017804,224.666678154048
"83","Arkansas","2020-07-04",5,700,3.017804,231.956747356687
"84","Arkansas","2020-07-11",5,677,3.017804,224.33531137211
"85","Arkansas","2020-07-18",5,704,3.017804,233.28221448444
"86","Arkansas","2020-07-25",4,728,3.017804,241.235017250955
"87","Arkansas","2020-08-01",5,754,3.017804,249.850553581346
"88","Arkansas","2020-08-08",5,750,3.017804,248.525086453593
"89","Arkansas","2020-08-15",5,788,3.017804,261.117024167242
"90","Arkansas","2020-08-22",6,744,3.017804,246.536885761965
"91","Arkansas","2020-08-29",5,742,3.017804,245.874152198088
"92","Arkansas","2020-09-05",5,708,3.017804,234.607681612192
"93","California","2020-04-04",4,5972,39.512223,151.143103236687
"94","California","2020-04-11",3,6019,39.512223,152.332608570264
"95","California","2020-04-18",5,6109,39.512223,154.610384740945
"96","California","2020-04-25",5,5922,39.512223,149.877672030754
"97","California","2020-05-02",4,5695,39.512223,144.132614355816
"98","California","2020-05-09",4,5645,39.512223,142.867183149883
"99","California","2020-05-16",4,5667,39.512223,143.423972880493
"100","California","2020-05-23",5,5529,39.512223,139.931382752117
"101","California","2020-05-30",4,5567,39.512223,140.893110468626
"102","California","2020-06-06",5,5494,39.512223,139.045580907964
"103","California","2020-06-13",5,5559,39.512223,140.690641475677
"104","California","2020-06-20",4,5458,39.512223,138.134470439692
"105","California","2020-06-27",4,5686,39.512223,143.904836738748
"106","California","2020-07-04",4,5868,39.512223,148.511006328346
"107","California","2020-07-11",4,6038,39.512223,152.813472428519
"108","California","2020-07-18",5,6228,39.512223,157.622111011066
"109","California","2020-07-25",4,6226,39.512223,157.571493762829
"110","California","2020-08-01",4,6324,39.512223,160.051738926458
"111","California","2020-08-08",5,6286,39.512223,159.090011209949
"112","California","2020-08-15",4,6264,39.512223,158.533221479338
"113","California","2020-08-22",5,6441,39.512223,163.012847948342
"114","California","2020-08-29",4,5864,39.512223,148.409771831871
"115","California","2020-09-05",5,5767,39.512223,145.95483529236
"116","Colorado","2020-04-04",6,958,5.758736,166.355950333545
"117","Colorado","2020-04-11",5,1086,5.758736,188.583050169343
"118","Colorado","2020-04-18",5,1110,5.758736,192.750631388555
"119","Colorado","2020-04-25",5,1062,5.758736,184.415468950131
"120","Colorado","2020-05-02",6,996,5.758736,172.954620597298
"121","Colorado","2020-05-09",4,894,5.758736,155.242400415647
"122","Colorado","2020-05-16",3,870,5.758736,151.074819196435
"123","Colorado","2020-05-23",4,843,5.758736,146.386290324821
"124","Colorado","2020-05-30",4,820,5.758736,142.392358323076
"125","Colorado","2020-06-06",4,810,5.758736,140.655866148405
"126","Colorado","2020-06-13",4,801,5.758736,139.0930231912
"127","Colorado","2020-06-20",4,851,5.758736,147.775484064559
"128","Colorado","2020-06-27",5,853,5.758736,148.122782499493
"129","Colorado","2020-07-04",7,776,5.758736,134.751792754521
"130","Colorado","2020-07-11",6,803,5.758736,139.440321626135
"131","Colorado","2020-07-18",5,784,5.758736,136.140986494258
"132","Colorado","2020-07-25",3,819,5.758736,142.218709105609
"133","Colorado","2020-08-01",3,803,5.758736,139.440321626135
"134","Colorado","2020-08-08",4,819,5.758736,142.218709105609
"135","Colorado","2020-08-15",3,828,5.758736,143.781552062814
"136","Colorado","2020-08-22",4,850,5.758736,147.601834847091
"137","Colorado","2020-08-29",4,806,5.758736,139.961269278536
"138","Colorado","2020-09-05",4,730,5.758736,126.763928751031
"139","Connecticut","2020-04-04",15,865,3.565287,242.617214266341
"140","Connecticut","2020-04-11",14,1242,3.565287,348.359052160457
"141","Connecticut","2020-04-18",12,1360,3.565287,381.455966938987
"142","Connecticut","2020-04-25",12,1337,3.565287,375.00487338046
"143","Connecticut","2020-05-02",13,1156,3.565287,324.237571898139
"144","Connecticut","2020-05-09",11,1052,3.565287,295.067409720452
"145","Connecticut","2020-05-16",9,944,3.565287,264.775318228238
"146","Connecticut","2020-05-23",11,812,3.565287,227.751650848866
"147","Connecticut","2020-05-30",9,752,3.565287,210.922711130969
"148","Connecticut","2020-06-06",10,657,3.565287,184.276889910967
"149","Connecticut","2020-06-13",10,626,3.565287,175.581937723387
"150","Connecticut","2020-06-20",10,575,3.565287,161.277338963175
"151","Connecticut","2020-06-27",9,600,3.565287,168.289397178965
"152","Connecticut","2020-07-04",10,544,3.565287,152.582386775595
"153","Connecticut","2020-07-11",11,609,3.565287,170.813738136649
"154","Connecticut","2020-07-18",9,563,3.565287,157.911551019595
"155","Connecticut","2020-07-25",9,573,3.565287,160.716374305911
"156","Connecticut","2020-08-01",10,546,3.565287,153.143351432858
"157","Connecticut","2020-08-08",10,586,3.565287,164.362644578122
"158","Connecticut","2020-08-15",9,567,3.565287,159.033480334122
"159","Connecticut","2020-08-22",9,555,3.565287,155.667692390542
"160","Connecticut","2020-08-29",8,522,3.565287,146.411775545699
"161","Connecticut","2020-09-05",9,570,3.565287,159.874927320017
"162","Delaware","2020-04-04",9,216,0.973764,221.819660615919
"163","Delaware","2020-04-11",9,223,0.973764,229.008260728472
"164","Delaware","2020-04-18",9,228,0.973764,234.142975094581
"165","Delaware","2020-04-25",8,282,0.973764,289.597890248561
"166","Delaware","2020-05-02",9,255,0.973764,261.870432671571
"167","Delaware","2020-05-09",8,267,0.973764,274.193747150234
"168","Delaware","2020-05-16",7,272,0.973764,279.328461516343
"169","Delaware","2020-05-23",6,229,0.973764,235.169917967803
"170","Delaware","2020-05-30",7,218,0.973764,223.873546362363
"171","Delaware","2020-06-06",7,186,0.973764,191.011374419264
"172","Delaware","2020-06-13",8,194,0.973764,199.226917405039
"173","Delaware","2020-06-20",8,165,0.973764,169.445574081605
"174","Delaware","2020-06-27",6,201,0.973764,206.415517517592
"175","Delaware","2020-07-04",7,200,0.973764,205.38857464437
"176","Delaware","2020-07-11",7,200,0.973764,205.38857464437
"177","Delaware","2020-07-18",6,196,0.973764,201.280803151482
"178","Delaware","2020-07-25",6,200,0.973764,205.38857464437
"179","Delaware","2020-08-01",7,195,0.973764,200.25386027826
"180","Delaware","2020-08-08",9,201,0.973764,206.415517517592
"181","Delaware","2020-08-15",8,182,0.973764,186.903602926376
"182","Delaware","2020-08-22",9,194,0.973764,199.226917405039
"183","Delaware","2020-08-29",7,194,0.973764,199.226917405039
"184","Delaware","2020-09-05",6,203,0.973764,208.469403264035
"185","District of Columbia","2020-04-04",7,127,0.705749,179.950662345962
"186","District of Columbia","2020-04-11",9,183,0.705749,259.298985900086
"187","District of Columbia","2020-04-18",9,178,0.705749,252.214314154182
"188","District of Columbia","2020-04-25",10,211,0.705749,298.973147677149
"189","District of Columbia","2020-05-02",10,190,0.705749,269.217526344352
"190","District of Columbia","2020-05-09",12,200,0.705749,283.38686983616
"191","District of Columbia","2020-05-16",10,156,0.705749,221.041758472205
"192","District of Columbia","2020-05-23",6,153,0.705749,216.790955424662
"193","District of Columbia","2020-05-30",7,145,0.705749,205.455480631216
"194","District of Columbia","2020-06-06",7,114,0.705749,161.530515806611
"195","District of Columbia","2020-06-13",7,133,0.705749,188.452268441046
"196","District of Columbia","2020-06-20",7,109,0.705749,154.445844060707
"197","District of Columbia","2020-06-27",7,101,0.705749,143.110369267261
"198","District of Columbia","2020-07-04",6,103,0.705749,145.944237965622
"199","District of Columbia","2020-07-11",6,115,0.705749,162.947450155792
"200","District of Columbia","2020-07-18",7,100,0.705749,141.69343491808
"201","District of Columbia","2020-07-25",7,92,0.705749,130.357960124634
"202","District of Columbia","2020-08-01",5,104,0.705749,147.361172314803
"203","District of Columbia","2020-08-08",10,94,0.705749,133.191828822995
"204","District of Columbia","2020-08-15",6,105,0.705749,148.778106663984
"205","District of Columbia","2020-08-22",10,94,0.705749,133.191828822995
"206","District of Columbia","2020-08-29",9,103,0.705749,145.944237965622
"207","District of Columbia","2020-09-05",7,111,0.705749,157.279712759069
"208","Florida","2020-04-04",4,4378,21.477737,203.838979870179
"209","Florida","2020-04-11",3,4452,21.477737,207.284408036098
"210","Florida","2020-04-18",4,4334,21.477737,201.79034690666
"211","Florida","2020-04-25",3,4497,21.477737,209.379600839697
"212","Florida","2020-05-02",3,4295,21.477737,199.97451314354
"213","Florida","2020-05-09",3,4317,21.477737,200.9988296253
"214","Florida","2020-05-16",3,4234,21.477737,197.134362898661
"215","Florida","2020-05-23",3,4302,21.477737,200.3004320241
"216","Florida","2020-05-30",3,4135,21.477737,192.524938730742
"217","Florida","2020-06-06",5,4206,21.477737,195.830687376421
"218","Florida","2020-06-13",4,4191,21.477737,195.132289775222
"219","Florida","2020-06-20",4,4347,21.477737,202.395624827699
"220","Florida","2020-06-27",4,4473,21.477737,208.262164677778
"221","Florida","2020-07-04",4,4683,21.477737,218.039731094575
"222","Florida","2020-07-11",4,5054,21.477737,235.31343176425
"223","Florida","2020-07-18",5,5436,21.477737,253.099290674804
"224","Florida","2020-07-25",5,5659,21.477737,263.482135012641
"225","Florida","2020-08-01",5,5751,21.477737,267.7656403
"226","Florida","2020-08-08",6,5551,21.477737,258.453672284003
"227","Florida","2020-08-15",5,5485,21.477737,255.380722838724
"228","Florida","2020-08-22",4,5186,21.477737,241.459330654808
"229","Florida","2020-08-29",4,4988,21.477737,232.240482318971
"230","Florida","2020-09-05",4,4727,21.477737,220.088364058094
"231","Georgia","2020-04-04",9,2021,10.617423,190.34750711166
"232","Georgia","2020-04-11",9,2041,10.617423,192.231203372042
"233","Georgia","2020-04-18",9,2020,10.617423,190.253322298641
"234","Georgia","2020-04-25",9,2018,10.617423,190.064952672602
"235","Georgia","2020-05-02",9,1961,10.617423,184.696418330512
"236","Georgia","2020-05-09",8,1996,10.617423,187.992886786182
"237","Georgia","2020-05-16",8,1938,10.617423,182.530167631072
"238","Georgia","2020-05-23",8,1905,10.617423,179.422068801441
"239","Georgia","2020-05-30",7,1766,10.617423,166.330379791782
"240","Georgia","2020-06-06",7,1764,10.617423,166.142010165744
"241","Georgia","2020-06-13",7,1729,10.617423,162.845541710074
"242","Georgia","2020-06-20",8,1793,10.617423,168.873369743298
"243","Georgia","2020-06-27",7,1802,10.617423,169.721033060471
"244","Georgia","2020-07-04",8,1862,10.617423,175.372121841618
"245","Georgia","2020-07-11",7,1971,10.617423,185.638266460703
"246","Georgia","2020-07-18",10,2145,10.617423,202.026423926032
"247","Georgia","2020-07-25",9,2148,10.617423,202.308978365089
"248","Georgia","2020-08-01",9,2178,10.617423,205.134522755663
"249","Georgia","2020-08-08",9,2183,10.617423,205.605446820759
"250","Georgia","2020-08-15",8,2236,10.617423,210.597241910773
"251","Georgia","2020-08-22",8,2236,10.617423,210.597241910773
"252","Georgia","2020-08-29",8,2103,10.617423,198.070661779228
"253","Georgia","2020-09-05",7,2010,10.617423,189.311474168449
"254","Hawaii","2020-04-04",3,233,1.415872,164.562898341093
"255","Hawaii","2020-04-11",4,220,1.415872,155.381277403607
"256","Hawaii","2020-04-18",3,205,1.415872,144.787099398816
"257","Hawaii","2020-04-25",3,200,1.415872,141.255706730552
"258","Hawaii","2020-05-02",3,223,1.415872,157.500113004565
"259","Hawaii","2020-05-09",3,213,1.415872,150.437327668038
"260","Hawaii","2020-05-16",3,237,1.415872,167.388012475704
"261","Hawaii","2020-05-23",3,208,1.415872,146.905934999774
"262","Hawaii","2020-05-30",4,202,1.415872,142.668263797857
"263","Hawaii","2020-06-06",3,218,1.415872,153.968720336302
"264","Hawaii","2020-06-13",4,204,1.415872,144.080820865163
"265","Hawaii","2020-06-20",4,245,1.415872,173.038240744926
"266","Hawaii","2020-06-27",3,236,1.415872,166.681733942051
"267","Hawaii","2020-07-04",3,205,1.415872,144.787099398816
"268","Hawaii","2020-07-11",5,239,1.415872,168.80056954301
"269","Hawaii","2020-07-18",4,226,1.415872,159.618948605524
"270","Hawaii","2020-07-25",3,223,1.415872,157.500113004565
"271","Hawaii","2020-08-01",4,213,1.415872,150.437327668038
"272","Hawaii","2020-08-08",2,233,1.415872,164.562898341093
"273","Hawaii","2020-08-15",3,224,1.415872,158.206391538218
"274","Hawaii","2020-08-22",3,243,1.415872,171.625683677621
"275","Hawaii","2020-08-29",3,256,1.415872,180.807304615106
"276","Hawaii","2020-09-05",4,233,1.415872,164.562898341093
"277","Idaho","2020-04-04",3,272,1.787065,152.204872234642
"278","Idaho","2020-04-11",2,308,1.787065,172.349634736285
"279","Idaho","2020-04-18",3,283,1.787065,158.360216332366
"280","Idaho","2020-04-25",3,264,1.787065,147.728258345388
"281","Idaho","2020-05-02",4,247,1.787065,138.215453830722
"282","Idaho","2020-05-09",3,302,1.787065,168.992174319345
"283","Idaho","2020-05-16",3,273,1.787065,152.764448970798
"284","Idaho","2020-05-23",3,262,1.787065,146.609104873074
"285","Idaho","2020-05-30",2,279,1.787065,156.121909387739
"286","Idaho","2020-06-06",3,290,1.787065,162.277253485464
"287","Idaho","2020-06-13",5,286,1.787065,160.038946540837
"288","Idaho","2020-06-20",4,282,1.787065,157.800639596209
"289","Idaho","2020-06-27",4,287,1.787065,160.598523276993
"290","Idaho","2020-07-04",4,283,1.787065,158.360216332366
"291","Idaho","2020-07-11",3,271,1.787065,151.645295498485
"292","Idaho","2020-07-18",3,304,1.787065,170.111327791658
"293","Idaho","2020-07-25",3,322,1.787065,180.18370904248
"294","Idaho","2020-08-01",4,320,1.787065,179.064555570167
"295","Idaho","2020-08-08",3,312,1.787065,174.587941680913
"296","Idaho","2020-08-15",3,317,1.787065,177.385825361696
"297","Idaho","2020-08-22",3,366,1.787065,204.805085433378
"298","Idaho","2020-08-29",3,325,1.787065,181.862439250951
"299","Idaho","2020-09-05",5,350,1.787065,195.85185765487
"300","Illinois","2020-04-04",4,2697,12.671821,212.834445814852
"301","Illinois","2020-04-11",4,2937,12.671821,231.774107288921
"302","Illinois","2020-04-18",5,2994,12.671821,236.272276889012
"303","Illinois","2020-04-25",4,3061,12.671821,241.559599050523
"304","Illinois","2020-05-02",5,3012,12.671821,237.692751499567
"305","Illinois","2020-05-09",4,3029,12.671821,239.034310853981
"306","Illinois","2020-05-16",5,2923,12.671821,230.669293702933
"307","Illinois","2020-05-23",5,2701,12.671821,213.15010683942
"308","Illinois","2020-05-30",4,2600,12.671821,205.179665969082
"309","Illinois","2020-06-06",5,2569,12.671821,202.733293028682
"310","Illinois","2020-06-13",5,2353,12.671821,185.687597702019
"311","Illinois","2020-06-20",4,2334,12.671821,184.188207835322
"312","Illinois","2020-06-27",4,2199,12.671821,173.534648256158
"313","Illinois","2020-07-04",4,2257,12.671821,178.111733112392
"314","Illinois","2020-07-11",4,2253,12.671821,177.796072087824
"315","Illinois","2020-07-18",4,2144,12.671821,169.194309168351
"316","Illinois","2020-07-25",4,2091,12.671821,165.011800592827
"317","Illinois","2020-08-01",3,2157,12.671821,170.220207498196
"318","Illinois","2020-08-08",4,2204,12.671821,173.929224536868
"319","Illinois","2020-08-15",4,2202,12.671821,173.771394024584
"320","Illinois","2020-08-22",4,2231,12.671821,176.059936452701
"321","Illinois","2020-08-29",4,2204,12.671821,173.929224536868
"322","Illinois","2020-09-05",4,2262,12.671821,178.506309393101
"323","Indiana","2020-04-04",6,1555,6.732219,230.978819910642
"324","Indiana","2020-04-11",5,1623,6.732219,241.079501424419
"325","Indiana","2020-04-18",6,1489,6.732219,221.175217264917
"326","Indiana","2020-04-25",4,1583,6.732219,235.137924063373
"327","Indiana","2020-05-02",8,1520,6.732219,225.779939719727
"328","Indiana","2020-05-09",6,1569,6.732219,233.058371987008
"329","Indiana","2020-05-16",6,1553,6.732219,230.681741042589
"330","Indiana","2020-05-23",6,1453,6.732219,215.827797639976
"331","Indiana","2020-05-30",6,1383,6.732219,205.430037258146
"332","Indiana","2020-06-06",6,1394,6.732219,207.063971032434
"333","Indiana","2020-06-13",7,1386,6.732219,205.875655560225
"334","Indiana","2020-06-20",8,1344,6.732219,199.636999331127
"335","Indiana","2020-06-27",6,1371,6.732219,203.647564049833
"336","Indiana","2020-07-04",6,1344,6.732219,199.636999331127
"337","Indiana","2020-07-11",7,1330,6.732219,197.557447254761
"338","Indiana","2020-07-18",7,1362,6.732219,202.310709143597
"339","Indiana","2020-07-25",8,1304,6.732219,193.695421970081
"340","Indiana","2020-08-01",8,1349,6.732219,200.379696501258
"341","Indiana","2020-08-08",7,1327,6.732219,197.111828952683
"342","Indiana","2020-08-15",7,1361,6.732219,202.162169709571
"343","Indiana","2020-08-22",6,1318,6.732219,195.774974046447
"344","Indiana","2020-08-29",6,1340,6.732219,199.042841595022
"345","Indiana","2020-09-05",6,1239,6.732219,184.040358758383
"346","Iowa","2020-04-04",5,609,3.15507,193.022658768268
"347","Iowa","2020-04-11",5,606,3.15507,192.071808232464
"348","Iowa","2020-04-18",5,636,3.15507,201.580313590507
"349","Iowa","2020-04-25",6,600,3.15507,190.170107160855
"350","Iowa","2020-05-02",6,673,3.15507,213.307470198759
"351","Iowa","2020-05-09",5,700,3.15507,221.865125020998
"352","Iowa","2020-05-16",5,677,3.15507,214.575270913165
"353","Iowa","2020-05-23",5,618,3.15507,195.875210375681
"354","Iowa","2020-05-30",7,623,3.15507,197.459961268688
"355","Iowa","2020-06-06",6,594,3.15507,188.268406089247
"356","Iowa","2020-06-13",5,603,3.15507,191.12095769666
"357","Iowa","2020-06-20",7,580,3.15507,183.831103588827
"358","Iowa","2020-06-27",6,558,3.15507,176.858199659596
"359","Iowa","2020-07-04",6,603,3.15507,191.12095769666
"360","Iowa","2020-07-11",6,567,3.15507,179.710751267008
"361","Iowa","2020-07-18",5,604,3.15507,191.437907875261
"362","Iowa","2020-07-25",5,654,3.15507,207.285416805332
"363","Iowa","2020-08-01",6,648,3.15507,205.383715733724
"364","Iowa","2020-08-08",4,656,3.15507,207.919317162535
"365","Iowa","2020-08-15",6,666,3.15507,211.088818948549
"366","Iowa","2020-08-22",6,633,3.15507,200.629463054702
"367","Iowa","2020-08-29",6,684,3.15507,216.793922163375
"368","Iowa","2020-09-05",5,607,3.15507,192.388758411065
"369","Kansas","2020-04-04",3,560,2.913314,192.220955242037
"370","Kansas","2020-04-11",5,544,2.913314,186.728927949407
"371","Kansas","2020-04-18",4,565,2.913314,193.937213770984
"372","Kansas","2020-04-25",5,555,2.913314,190.50469671309
"373","Kansas","2020-05-02",5,527,2.913314,180.893648950988
"374","Kansas","2020-05-09",4,521,2.913314,178.834138716252
"375","Kansas","2020-05-16",4,542,2.913314,186.042424537829
"376","Kansas","2020-05-23",5,525,2.913314,180.20714553941
"377","Kansas","2020-05-30",4,532,2.913314,182.609907479935
"378","Kansas","2020-06-06",6,519,2.913314,178.147635304674
"379","Kansas","2020-06-13",5,533,2.913314,182.953159185725
"380","Kansas","2020-06-20",4,514,2.913314,176.431376775727
"381","Kansas","2020-06-27",3,532,2.913314,182.609907479935
"382","Kansas","2020-07-04",5,583,2.913314,200.115744475192
"383","Kansas","2020-07-11",4,517,2.913314,177.461131893095
"384","Kansas","2020-07-18",4,540,2.913314,185.35592112625
"385","Kansas","2020-07-25",6,568,2.913314,194.966968888352
"386","Kansas","2020-08-01",6,554,2.913314,190.161445007301
"387","Kansas","2020-08-08",4,612,2.913314,210.070043943083
"388","Kansas","2020-08-15",4,583,2.913314,200.115744475192
"389","Kansas","2020-08-22",5,523,2.913314,179.520642127831
"390","Kansas","2020-08-29",4,551,2.913314,189.131689889933
"391","Kansas","2020-09-05",4,583,2.913314,200.115744475192
"392","Kentucky","2020-04-04",7,1052,4.467673,235.469337169484
"393","Kentucky","2020-04-11",8,1036,4.467673,231.888054474891
"394","Kentucky","2020-04-18",9,957,4.467673,214.205471170339
"395","Kentucky","2020-04-25",9,964,4.467673,215.772282349223
"396","Kentucky","2020-05-02",8,1008,4.467673,225.620809759354
"397","Kentucky","2020-05-09",8,1017,4.467673,227.635281275062
"398","Kentucky","2020-05-16",9,990,4.467673,221.591866727936
"399","Kentucky","2020-05-23",9,989,4.467673,221.368036559524
"400","Kentucky","2020-05-30",9,994,4.467673,222.487187401585
"401","Kentucky","2020-06-06",9,914,4.467673,204.58077392862
"402","Kentucky","2020-06-13",7,992,4.467673,222.039527064761
"403","Kentucky","2020-06-20",8,969,4.467673,216.891433191283
"404","Kentucky","2020-06-27",8,947,4.467673,211.967169486218
"405","Kentucky","2020-07-04",9,993,4.467673,222.263357233173
"406","Kentucky","2020-07-11",9,1054,4.467673,235.916997506308
"407","Kentucky","2020-07-18",7,955,4.467673,213.757810833514
"408","Kentucky","2020-07-25",9,972,4.467673,217.562923696519
"409","Kentucky","2020-08-01",10,1045,4.467673,233.9025259906
"410","Kentucky","2020-08-08",9,1006,4.467673,225.173149422529
"411","Kentucky","2020-08-15",8,1014,4.467673,226.963790769826
"412","Kentucky","2020-08-22",8,1093,4.467673,244.646374074378
"413","Kentucky","2020-08-29",9,1007,4.467673,225.396979590941
"414","Kentucky","2020-09-05",7,1048,4.467673,234.574016495836
"415","Louisiana","2020-04-04",9,1387,4.648794,298.356950211173
"416","Louisiana","2020-04-11",8,1516,4.648794,326.10608256679
"417","Louisiana","2020-04-18",10,1363,4.648794,293.194320935709
"418","Louisiana","2020-04-25",10,1248,4.648794,268.456722324112
"419","Louisiana","2020-05-02",10,1175,4.648794,252.753724944577
"420","Louisiana","2020-05-09",8,1128,4.648794,242.643575946794
"421","Louisiana","2020-05-16",8,1102,4.648794,237.050727565042
"422","Louisiana","2020-05-23",9,1056,4.648794,227.155688120403
"423","Louisiana","2020-05-30",9,1049,4.648794,225.649921248393
"424","Louisiana","2020-06-06",10,1018,4.648794,218.981525100919
"425","Louisiana","2020-06-13",9,952,4.648794,204.784294593393
"426","Louisiana","2020-06-20",9,990,4.648794,212.958457612878
"427","Louisiana","2020-06-27",8,1002,4.648794,215.53977225061
"428","Louisiana","2020-07-04",9,981,4.648794,211.022471634579
"429","Louisiana","2020-07-11",10,1066,4.648794,229.306783651846
"430","Louisiana","2020-07-18",11,1145,4.648794,246.300438350247
"431","Louisiana","2020-07-25",10,1215,4.648794,261.35810707035
"432","Louisiana","2020-08-01",9,1203,4.648794,258.776792432618
"433","Louisiana","2020-08-08",9,1234,4.648794,265.445188580092
"434","Louisiana","2020-08-15",10,1158,4.648794,249.096862541124
"435","Louisiana","2020-08-22",10,1138,4.648794,244.794671478237
"436","Louisiana","2020-08-29",8,1111,4.648794,238.98671354334
"437","Louisiana","2020-09-05",7,1134,4.648794,243.93423326566
"438","Maine","2020-04-04",1,303,1.344212,225.410872689725
"439","Maine","2020-04-11",3,311,1.344212,231.362314872952
"440","Maine","2020-04-18",2,323,1.344212,240.289478147792
"441","Maine","2020-04-25",2,293,1.344212,217.971569960691
"442","Maine","2020-05-02",3,291,1.344212,216.483709414884
"443","Maine","2020-05-09",2,299,1.344212,222.435151598111
"444","Maine","2020-05-16",2,254,1.344212,188.958289317459
"445","Maine","2020-05-23",2,273,1.344212,203.092964502623
"446","Maine","2020-05-30",2,303,1.344212,225.410872689725
"447","Maine","2020-06-06",3,259,1.344212,192.677940681976
"448","Maine","2020-06-13",2,254,1.344212,188.958289317459
"449","Maine","2020-06-20",3,276,1.344212,205.324755321333
"450","Maine","2020-06-27",2,292,1.344212,217.227639687787
"451","Maine","2020-07-04",2,281,1.344212,209.04440668585
"452","Maine","2020-07-11",2,286,1.344212,212.764058050367
"453","Maine","2020-07-18",3,300,1.344212,223.179081871014
"454","Maine","2020-07-25",2,275,1.344212,204.58082504843
"455","Maine","2020-08-01",2,277,1.344212,206.068685594237
"456","Maine","2020-08-08",2,276,1.344212,205.324755321333
"457","Maine","2020-08-15",1,267,1.344212,198.629382865203
"458","Maine","2020-08-22",2,310,1.344212,230.618384600048
"459","Maine","2020-08-29",2,278,1.344212,206.81261586714
"460","Maine","2020-09-05",2,292,1.344212,217.227639687787
"461","Maryland","2020-04-04",3,1206,6.04568,199.481282502547
"462","Maryland","2020-04-11",3,1361,6.04568,225.119424117717
"463","Maryland","2020-04-18",4,1374,6.04568,227.269719866086
"464","Maryland","2020-04-25",5,1555,6.04568,257.208452977994
"465","Maryland","2020-05-02",6,1516,6.04568,250.757565732887
"466","Maryland","2020-05-09",5,1440,6.04568,238.186605973191
"467","Maryland","2020-05-16",5,1425,6.04568,235.705495494303
"468","Maryland","2020-05-23",5,1335,6.04568,220.818832620979
"469","Maryland","2020-05-30",4,1273,6.04568,210.563575974911
"470","Maryland","2020-06-06",5,1177,6.04568,194.684468910032
"471","Maryland","2020-06-13",5,1170,6.04568,193.526617353218
"472","Maryland","2020-06-20",5,1081,6.04568,178.805361845152
"473","Maryland","2020-06-27",5,1040,6.04568,172.023659869527
"474","Maryland","2020-07-04",4,1066,6.04568,176.324251366265
"475","Maryland","2020-07-11",5,1023,6.04568,169.211734660121
"476","Maryland","2020-07-18",4,1046,6.04568,173.016104061082
"477","Maryland","2020-07-25",6,1031,6.04568,170.534993582194
"478","Maryland","2020-08-01",4,1081,6.04568,178.805361845152
"479","Maryland","2020-08-08",5,1007,6.04568,166.565216815974
"480","Maryland","2020-08-15",5,1057,6.04568,174.835585078932
"481","Maryland","2020-08-22",4,1016,6.04568,168.053883103307
"482","Maryland","2020-08-29",4,1044,6.04568,172.685289330563
"483","Maryland","2020-09-05",6,1056,6.04568,174.670177713673
"484","Massachusetts","2020-04-04",3,1540,6.892503,223.431168619005
"485","Massachusetts","2020-04-11",4,2019,6.892503,292.926967169982
"486","Massachusetts","2020-04-18",4,2485,6.892503,360.536658453395
"487","Massachusetts","2020-04-25",4,2532,6.892503,367.355661651507
"488","Massachusetts","2020-05-02",5,2300,6.892503,333.695901184229
"489","Massachusetts","2020-05-09",3,2042,6.892503,296.263926181824
"490","Massachusetts","2020-05-16",3,1886,6.892503,273.630638971068
"491","Massachusetts","2020-05-23",4,1562,6.892503,226.62304245642
"492","Massachusetts","2020-05-30",3,1349,6.892503,195.719900303272
"493","Massachusetts","2020-06-06",3,1210,6.892503,175.55306105779
"494","Massachusetts","2020-06-13",4,1131,6.892503,164.091332277984
"495","Massachusetts","2020-06-20",4,1117,6.892503,162.060139835993
"496","Massachusetts","2020-06-27",3,1074,6.892503,155.821477335592
"497","Massachusetts","2020-07-04",3,1050,6.892503,152.339433149322
"498","Massachusetts","2020-07-11",3,1026,6.892503,148.857388963052
"499","Massachusetts","2020-07-18",3,1044,6.892503,151.468922102754
"500","Massachusetts","2020-07-25",4,1079,6.892503,156.546903207732
"501","Massachusetts","2020-08-01",3,1001,6.892503,145.230259602353
"502","Massachusetts","2020-08-08",3,984,6.892503,142.763811637079
"503","Massachusetts","2020-08-15",3,1031,6.892503,149.582814835191
"504","Massachusetts","2020-08-22",4,1026,6.892503,148.857388963052
"505","Massachusetts","2020-08-29",3,1039,6.892503,150.743496230615
"506","Massachusetts","2020-09-05",4,1003,6.892503,145.520429951209
"507","Michigan","2020-04-04",7,3155,9.986857,315.915207357029
"508","Michigan","2020-04-11",7,3405,9.986857,340.948108098474
"509","Michigan","2020-04-18",7,3190,9.986857,319.419813460832
"510","Michigan","2020-04-25",6,2825,9.986857,282.871778378323
"511","Michigan","2020-05-02",7,2622,9.986857,262.54506297627
"512","Michigan","2020-05-09",7,2269,9.986857,227.19860712935
"513","Michigan","2020-05-16",7,2194,9.986857,219.688736906917
"514","Michigan","2020-05-23",4,2042,9.986857,204.468733256118
"515","Michigan","2020-05-30",4,1987,9.986857,198.961495093001
"516","Michigan","2020-06-06",4,2033,9.986857,203.567548829426
"517","Michigan","2020-06-13",4,1890,9.986857,189.24872960532
"518","Michigan","2020-06-20",4,1903,9.986857,190.550440443875
"519","Michigan","2020-06-27",4,1943,9.986857,194.555704562506
"520","Michigan","2020-07-04",4,1993,9.986857,199.562284710795
"521","Michigan","2020-07-11",4,1899,9.986857,190.149914032012
"522","Michigan","2020-07-18",3,1904,9.986857,190.650572046841
"523","Michigan","2020-07-25",4,1918,9.986857,192.052414488362
"524","Michigan","2020-08-01",4,1971,9.986857,197.359389445548
"525","Michigan","2020-08-08",4,1876,9.986857,187.846887163799
"526","Michigan","2020-08-15",5,2054,9.986857,205.670312491708
"527","Michigan","2020-08-22",4,1942,9.986857,194.455572959541
"528","Michigan","2020-08-29",4,1961,9.986857,196.35807341589
"529","Michigan","2020-09-05",3,1974,9.986857,197.659784254446
"530","Minnesota","2020-04-04",4,930,5.639632,164.904376739475
"531","Minnesota","2020-04-11",4,949,5.639632,168.273390887916
"532","Minnesota","2020-04-18",4,966,5.639632,171.2877719681
"533","Minnesota","2020-04-25",5,1019,5.639632,180.685548276909
"534","Minnesota","2020-05-02",4,1048,5.639632,185.827727766634
"535","Minnesota","2020-05-09",5,1051,5.639632,186.35967736902
"536","Minnesota","2020-05-16",5,1004,5.639632,178.025800264982
"537","Minnesota","2020-05-23",6,1016,5.639632,180.153598674523
"538","Minnesota","2020-05-30",5,1021,5.639632,181.040181345166
"539","Minnesota","2020-06-06",6,1039,5.639632,184.231878959478
"540","Minnesota","2020-06-13",5,964,5.639632,170.933138899843
"541","Minnesota","2020-06-20",6,929,5.639632,164.727060205347
"542","Minnesota","2020-06-27",6,844,5.639632,149.655154804427
"543","Minnesota","2020-07-04",6,880,5.639632,156.038550033052
"544","Minnesota","2020-07-11",5,849,5.639632,150.541737475069
"545","Minnesota","2020-07-18",6,858,5.639632,152.137586282226
"546","Minnesota","2020-07-25",6,866,5.639632,153.556118555253
"547","Minnesota","2020-08-01",6,821,5.639632,145.576874519472
"548","Minnesota","2020-08-08",7,904,5.639632,160.294146852135
"549","Minnesota","2020-08-15",6,892,5.639632,158.166348442593
"550","Minnesota","2020-08-22",7,900,5.639632,159.584880715621
"551","Minnesota","2020-08-29",7,912,5.639632,161.712679125163
"552","Minnesota","2020-09-05",5,904,5.639632,160.294146852135
"553","Mississippi","2020-04-04",6,730,2.976149,245.283418269717
"554","Mississippi","2020-04-11",5,716,2.976149,240.579352713859
"555","Mississippi","2020-04-18",5,743,2.976149,249.651479143013
"556","Mississippi","2020-04-25",4,761,2.976149,255.699563429116
"557","Mississippi","2020-05-02",5,760,2.976149,255.363558746555
"558","Mississippi","2020-05-09",5,757,2.976149,254.355544698871
"559","Mississippi","2020-05-16",5,792,2.976149,266.115708588515
"560","Mississippi","2020-05-23",5,730,2.976149,245.283418269717
"561","Mississippi","2020-05-30",7,779,2.976149,261.747647715219
"562","Mississippi","2020-06-06",5,738,2.976149,247.971455730207
"563","Mississippi","2020-06-13",5,723,2.976149,242.931385491788
"564","Mississippi","2020-06-20",5,753,2.976149,253.011525968626
"565","Mississippi","2020-06-27",6,716,2.976149,240.579352713859
"566","Mississippi","2020-07-04",6,723,2.976149,242.931385491788
"567","Mississippi","2020-07-11",5,813,2.976149,273.171806922301
"568","Mississippi","2020-07-18",5,810,2.976149,272.163792874618
"569","Mississippi","2020-07-25",5,892,2.976149,299.716176844641
"570","Mississippi","2020-08-01",7,889,2.976149,298.708162796957
"571","Mississippi","2020-08-08",6,938,2.976149,315.172392242458
"572","Mississippi","2020-08-15",7,880,2.976149,295.684120653905
"573","Mississippi","2020-08-22",6,823,2.976149,276.531853747914
"574","Mississippi","2020-08-29",6,832,2.976149,279.555895890965
"575","Mississippi","2020-09-05",5,734,2.976149,246.627436999962
"576","Missouri","2020-04-04",7,1261,6.137428,205.460658764551
"577","Missouri","2020-04-11",7,1424,6.137428,232.01901513142
"578","Missouri","2020-04-18",7,1307,6.137428,212.955655039864
"579","Missouri","2020-04-25",8,1403,6.137428,228.597386397038
"580","Missouri","2020-05-02",8,1355,6.137428,220.776520718451
"581","Missouri","2020-05-09",8,1381,6.137428,225.012822961019
"582","Missouri","2020-05-16",7,1306,6.137428,212.792720338226
"583","Missouri","2020-05-23",8,1263,6.137428,205.786528167825
"584","Missouri","2020-05-30",8,1186,6.137428,193.240556141758
"585","Missouri","2020-06-06",7,1238,6.137428,201.713160626895
"586","Missouri","2020-06-13",8,1217,6.137428,198.291531892513
"587","Missouri","2020-06-20",7,1188,6.137428,193.566425545033
"588","Missouri","2020-06-27",10,1242,6.137428,202.364899433443
"589","Missouri","2020-07-04",10,1239,6.137428,201.876095328532
"590","Missouri","2020-07-11",9,1257,6.137428,204.808919958002
"591","Missouri","2020-07-18",8,1323,6.137428,215.562610266059
"592","Missouri","2020-07-25",9,1312,6.137428,213.77032854805
"593","Missouri","2020-08-01",10,1304,6.137428,212.466850934952
"594","Missouri","2020-08-08",9,1300,6.137428,211.815112128403
"595","Missouri","2020-08-15",8,1339,6.137428,218.169565492255
"596","Missouri","2020-08-22",8,1364,6.137428,222.242933033186
"597","Missouri","2020-08-29",7,1313,6.137428,213.933263249687
"598","Missouri","2020-09-05",7,1364,6.137428,222.242933033186
"599","Montana","2020-04-04",4,184,1.068778,172.159232319528
"600","Montana","2020-04-11",3,218,1.068778,203.971264378571
"601","Montana","2020-04-18",5,195,1.068778,182.45136033863
"602","Montana","2020-04-25",5,192,1.068778,179.64441633342
"603","Montana","2020-05-02",6,208,1.068778,194.614784361205
"604","Montana","2020-05-09",5,181,1.068778,169.352288314318
"605","Montana","2020-05-16",5,200,1.068778,187.129600347313
"606","Montana","2020-05-23",4,180,1.068778,168.416640312581
"607","Montana","2020-05-30",6,177,1.068778,165.609696307372
"608","Montana","2020-06-06",4,177,1.068778,165.609696307372
"609","Montana","2020-06-13",4,220,1.068778,205.842560382044
"610","Montana","2020-06-20",5,194,1.068778,181.515712336893
"611","Montana","2020-06-27",4,197,1.068778,184.322656342103
"612","Montana","2020-07-04",5,171,1.068778,159.995808296952
"613","Montana","2020-07-11",4,188,1.068778,175.901824326474
"614","Montana","2020-07-18",4,197,1.068778,184.322656342103
"615","Montana","2020-07-25",3,213,1.068778,199.293024369888
"616","Montana","2020-08-01",3,208,1.068778,194.614784361205
"617","Montana","2020-08-08",5,208,1.068778,194.614784361205
"618","Montana","2020-08-15",4,205,1.068778,191.807840355995
"619","Montana","2020-08-22",5,240,1.068778,224.555520416775
"620","Montana","2020-08-29",5,192,1.068778,179.64441633342
"621","Montana","2020-09-05",4,230,1.068778,215.199040399409
"622","Nebraska","2020-04-04",5,311,1.934408,160.772701519018
"623","Nebraska","2020-04-11",4,336,1.934408,173.69655212344
"624","Nebraska","2020-04-18",7,352,1.934408,181.967816510271
"625","Nebraska","2020-04-25",4,349,1.934408,180.41695443774
"626","Nebraska","2020-05-02",6,348,1.934408,179.900000413563
"627","Nebraska","2020-05-09",5,345,1.934408,178.349138341032
"628","Nebraska","2020-05-16",5,355,1.934408,183.518678582802
"629","Nebraska","2020-05-23",4,355,1.934408,183.518678582802
"630","Nebraska","2020-05-30",5,383,1.934408,197.993391259755
"631","Nebraska","2020-06-06",5,325,1.934408,168.010057857494
"632","Nebraska","2020-06-13",5,316,1.934408,163.357471639902
"633","Nebraska","2020-06-20",6,363,1.934408,187.654310776217
"634","Nebraska","2020-06-27",5,318,1.934408,164.391379688256
"635","Nebraska","2020-07-04",5,304,1.934408,157.154023349779
"636","Nebraska","2020-07-11",6,317,1.934408,163.874425664079
"637","Nebraska","2020-07-18",4,324,1.934408,167.493103833317
"638","Nebraska","2020-07-25",5,357,1.934408,184.552586631155
"639","Nebraska","2020-08-01",5,352,1.934408,181.967816510271
"640","Nebraska","2020-08-08",5,379,1.934408,195.925575163047
"641","Nebraska","2020-08-15",6,351,1.934408,181.450862486094
"642","Nebraska","2020-08-22",5,359,1.934408,185.586494679509
"643","Nebraska","2020-08-29",5,315,1.934408,162.840517615725
"644","Nebraska","2020-09-05",5,334,1.934408,172.662644075087
"645","Nevada","2020-04-04",6,577,3.080156,187.328174287276
"646","Nevada","2020-04-11",6,579,3.080156,187.977492049104
"647","Nevada","2020-04-18",5,549,3.080156,178.237725621689
"648","Nevada","2020-04-25",7,570,3.080156,185.05556212088
"649","Nevada","2020-05-02",7,538,3.080156,174.666477931637
"650","Nevada","2020-05-09",6,539,3.080156,174.991136812551
"651","Nevada","2020-05-16",6,506,3.080156,164.277393742395
"652","Nevada","2020-05-23",6,525,3.080156,170.445912479758
"653","Nevada","2020-05-30",6,543,3.080156,176.289772336206
"654","Nevada","2020-06-06",8,559,3.080156,181.484314430828
"655","Nevada","2020-06-13",8,531,3.080156,172.39386576524
"656","Nevada","2020-06-20",7,506,3.080156,164.277393742395
"657","Nevada","2020-06-27",6,551,3.080156,178.887043383517
"658","Nevada","2020-07-04",5,518,3.080156,168.173300313361
"659","Nevada","2020-07-11",5,609,3.080156,197.717258476519
"660","Nevada","2020-07-18",8,617,3.080156,200.314529523829
"661","Nevada","2020-07-25",7,658,3.080156,213.625543641296
"662","Nevada","2020-08-01",7,603,3.080156,195.769305191036
"663","Nevada","2020-08-08",5,672,3.080156,218.17076797409
"664","Nevada","2020-08-15",6,639,3.080156,207.457024903933
"665","Nevada","2020-08-22",7,629,3.080156,204.210436094795
"666","Nevada","2020-08-29",7,615,3.080156,199.665211762002
"667","Nevada","2020-09-05",5,613,3.080156,199.015894000174
"668","New Hampshire","2020-04-04",3,259,1.359711,190.481653822025
"669","New Hampshire","2020-04-11",2,268,1.359711,197.100707429741
"670","New Hampshire","2020-04-18",2,246,1.359711,180.920798610881
"671","New Hampshire","2020-04-25",2,269,1.359711,197.836157830598
"672","New Hampshire","2020-05-02",3,272,1.359711,200.04250903317
"673","New Hampshire","2020-05-09",3,302,1.359711,222.106021058887
"674","New Hampshire","2020-05-16",3,289,1.359711,212.545165847743
"675","New Hampshire","2020-05-23",2,281,1.359711,206.661562640885
"676","New Hampshire","2020-05-30",3,260,1.359711,191.217104222883
"677","New Hampshire","2020-06-06",3,273,1.359711,200.777959434027
"678","New Hampshire","2020-06-13",2,289,1.359711,212.545165847743
"679","New Hampshire","2020-06-20",3,240,1.359711,176.508096205738
"680","New Hampshire","2020-06-27",3,253,1.359711,186.068951416882
"681","New Hampshire","2020-07-04",3,234,1.359711,172.095393800594
"682","New Hampshire","2020-07-11",2,255,1.359711,187.539852218596
"683","New Hampshire","2020-07-18",2,237,1.359711,174.301745003166
"684","New Hampshire","2020-07-25",2,260,1.359711,191.217104222883
"685","New Hampshire","2020-08-01",2,256,1.359711,188.275302619454
"686","New Hampshire","2020-08-08",2,239,1.359711,175.772645804881
"687","New Hampshire","2020-08-15",2,229,1.359711,168.418141796308
"688","New Hampshire","2020-08-22",2,256,1.359711,188.275302619454
"689","New Hampshire","2020-08-29",2,234,1.359711,172.095393800594
"690","New Hampshire","2020-09-05",2,235,1.359711,172.830844201452
"691","New Jersey","2020-04-04",4,3473,8.88219,391.007172780587
"692","New Jersey","2020-04-11",6,4756,8.88219,535.453531167426
"693","New Jersey","2020-04-18",6,4687,8.88219,527.685176741322
"694","New Jersey","2020-04-25",6,3971,8.88219,447.074426464644
"695","New Jersey","2020-05-02",5,3146,8.88219,354.191927891657
"696","New Jersey","2020-05-09",4,2586,8.88219,291.144413708781
"697","New Jersey","2020-05-16",4,2294,8.88219,258.269638456282
"698","New Jersey","2020-05-23",3,1945,8.88219,218.977526938739
"699","New Jersey","2020-05-30",4,1741,8.88219,196.010218200691
"700","New Jersey","2020-06-06",5,1591,8.88219,179.122491187421
"701","New Jersey","2020-06-13",4,1507,8.88219,169.66536405999
"702","New Jersey","2020-06-20",3,1426,8.88219,160.545991472824
"703","New Jersey","2020-06-27",4,1451,8.88219,163.360612641702
"704","New Jersey","2020-07-04",3,1425,8.88219,160.433406626069
"705","New Jersey","2020-07-11",3,1388,8.88219,156.267767296129
"706","New Jersey","2020-07-18",4,1337,8.88219,150.525940111617
"707","New Jersey","2020-07-25",3,1380,8.88219,155.367088522087
"708","New Jersey","2020-08-01",3,1400,8.88219,157.61878545719
"709","New Jersey","2020-08-08",3,1344,8.88219,151.314034038903
"710","New Jersey","2020-08-15",4,1314,8.88219,147.936488636248
"711","New Jersey","2020-08-22",3,1347,8.88219,151.651788579168
"712","New Jersey","2020-08-29",3,1359,8.88219,153.00280674023
"713","New Jersey","2020-09-05",3,1413,8.88219,159.082388465007
"714","New Mexico","2020-04-04",6,407,2.096829,194.102618763857
"715","New Mexico","2020-04-11",7,415,2.096829,197.917903653565
"716","New Mexico","2020-04-18",6,423,2.096829,201.733188543272
"717","New Mexico","2020-04-25",9,413,2.096829,196.964082431138
"718","New Mexico","2020-05-02",9,430,2.096829,205.071562821766
"719","New Mexico","2020-05-09",8,435,2.096829,207.456115877833
"720","New Mexico","2020-05-16",8,469,2.096829,223.671076659089
"721","New Mexico","2020-05-23",10,408,2.096829,194.579529375071
"722","New Mexico","2020-05-30",9,440,2.096829,209.8406689339
"723","New Mexico","2020-06-06",9,452,2.096829,215.563596268461
"724","New Mexico","2020-06-13",6,439,2.096829,209.363758322686
"725","New Mexico","2020-06-20",7,424,2.096829,202.210099154485
"726","New Mexico","2020-06-27",7,399,2.096829,190.28733387415
"727","New Mexico","2020-07-04",7,448,2.096829,213.655953823607
"728","New Mexico","2020-07-11",7,403,2.096829,192.194976319004
"729","New Mexico","2020-07-18",10,415,2.096829,197.917903653565
"730","New Mexico","2020-07-25",8,440,2.096829,209.8406689339
"731","New Mexico","2020-08-01",8,417,2.096829,198.871724875991
"732","New Mexico","2020-08-08",8,447,2.096829,213.179043212394
"733","New Mexico","2020-08-15",7,400,2.096829,190.764244485363
"734","New Mexico","2020-08-22",8,410,2.096829,195.533350597497
"735","New Mexico","2020-08-29",7,407,2.096829,194.102618763857
"736","New Mexico","2020-09-05",7,389,2.096829,185.518227762016
"737","New York","2020-04-04",4,3719,11.116744,334.540401398107
"738","New York","2020-04-11",4,4531,11.116744,407.583371533967
"739","New York","2020-04-18",6,4331,11.116744,389.592492190159
"740","New York","2020-04-25",6,3657,11.116744,328.963228801527
"741","New York","2020-05-02",5,3110,11.116744,279.758173796212
"742","New York","2020-05-09",3,2783,11.116744,250.343086069086
"743","New York","2020-05-16",3,2519,11.116744,226.59512533526
"744","New York","2020-05-23",3,2241,11.116744,201.587803047367
"745","New York","2020-05-30",2,2146,11.116744,193.042135359058
"746","New York","2020-06-06",3,1990,11.116744,179.009249470888
"747","New York","2020-06-13",2,1915,11.116744,172.26266971696
"748","New York","2020-06-20",3,1925,11.116744,173.162213684151
"749","New York","2020-06-27",3,1965,11.116744,176.760389552912
"750","New York","2020-07-04",2,1929,11.116744,173.522031271027
"751","New York","2020-07-11",2,1935,11.116744,174.061757651341
"752","New York","2020-07-18",2,1870,11.116744,168.214721864604
"753","New York","2020-07-25",2,1840,11.116744,165.516089963032
"754","New York","2020-08-01",2,1896,11.116744,170.553536179299
"755","New York","2020-08-08",2,1884,11.116744,169.47408341867
"756","New York","2020-08-15",2,1853,11.116744,166.68549712038
"757","New York","2020-08-22",3,1888,11.116744,169.833901005546
"758","New York","2020-08-29",3,1858,11.116744,167.135269103975
"759","New York","2020-09-05",2,1811,11.116744,162.90741245818
"760","North Carolina","2020-04-04",10,2014,10.488084,192.027447529978
"761","North Carolina","2020-04-11",11,2004,10.488084,191.073984533305
"762","North Carolina","2020-04-18",12,2029,10.488084,193.457642024988
"763","North Carolina","2020-04-25",11,2084,10.488084,198.70168850669
"764","North Carolina","2020-05-02",11,1952,10.488084,186.115976950604
"765","North Carolina","2020-05-09",10,2044,10.488084,194.887836519997
"766","North Carolina","2020-05-16",11,2049,10.488084,195.364568018334
"767","North Carolina","2020-05-23",11,2039,10.488084,194.411105021661
"768","North Carolina","2020-05-30",10,1987,10.488084,189.45309743896
"769","North Carolina","2020-06-06",10,1955,10.488084,186.402015849606
"770","North Carolina","2020-06-13",10,1863,10.488084,177.630156280213
"771","North Carolina","2020-06-20",11,1931,10.488084,184.11370465759
"772","North Carolina","2020-06-27",11,1935,10.488084,184.49508985626
"773","North Carolina","2020-07-04",13,1993,10.488084,190.025175236964
"774","North Carolina","2020-07-11",12,1950,10.488084,185.925284351269
"775","North Carolina","2020-07-18",12,2014,10.488084,192.027447529978
"776","North Carolina","2020-07-25",11,2125,10.488084,202.61088679305
"777","North Carolina","2020-08-01",10,2061,10.488084,196.508723614342
"778","North Carolina","2020-08-08",11,2045,10.488084,194.983182819665
"779","North Carolina","2020-08-15",11,2138,10.488084,203.850388688725
"780","North Carolina","2020-08-22",16,2104,10.488084,200.608614500036
"781","North Carolina","2020-08-29",18,2058,10.488084,196.22268471534
"782","North Carolina","2020-09-05",18,2133,10.488084,203.373657190389
"783","North Dakota","2020-04-04",6,122,0.762062,160.091961021544
"784","North Dakota","2020-04-11",4,146,0.762062,191.585461550373
"785","North Dakota","2020-04-18",5,141,0.762062,185.024315606867
"786","North Dakota","2020-04-25",6,140,0.762062,183.712086418165
"787","North Dakota","2020-05-02",5,139,0.762062,182.399857229464
"788","North Dakota","2020-05-09",6,128,0.762062,167.965336153751
"789","North Dakota","2020-05-16",5,136,0.762062,178.463169663361
"790","North Dakota","2020-05-23",6,133,0.762062,174.526482097257
"791","North Dakota","2020-05-30",6,128,0.762062,167.965336153751
"792","North Dakota","2020-06-06",5,135,0.762062,177.15094047466
"793","North Dakota","2020-06-13",6,135,0.762062,177.15094047466
"794","North Dakota","2020-06-20",5,139,0.762062,182.399857229464
"795","North Dakota","2020-06-27",7,123,0.762062,161.404190210245
"796","North Dakota","2020-07-04",7,105,0.762062,137.784064813624
"797","North Dakota","2020-07-11",5,123,0.762062,161.404190210245
"798","North Dakota","2020-07-18",5,114,0.762062,149.594127511935
"799","North Dakota","2020-07-25",5,129,0.762062,169.277565342452
"800","North Dakota","2020-08-01",5,126,0.762062,165.340877776349
"801","North Dakota","2020-08-08",4,142,0.762062,186.336544795568
"802","North Dakota","2020-08-15",5,114,0.762062,149.594127511935
"803","North Dakota","2020-08-22",5,124,0.762062,162.716419398947
"804","North Dakota","2020-08-29",5,121,0.762062,158.779731832843
"805","North Dakota","2020-09-05",4,148,0.762062,194.209919927775
"806","Ohio","2020-04-04",7,2586,11.6891,221.231745814477
"807","Ohio","2020-04-11",6,2623,11.6891,224.397087885295
"808","Ohio","2020-04-18",7,2657,11.6891,227.30578059902
"809","Ohio","2020-04-25",6,2824,11.6891,241.59259481055
"810","Ohio","2020-05-02",6,2733,11.6891,233.807564312051
"811","Ohio","2020-05-09",6,2607,11.6891,223.02829131413
"812","Ohio","2020-05-16",6,2693,11.6891,230.38557288414
"813","Ohio","2020-05-23",6,2675,11.6891,228.84567674158
"814","Ohio","2020-05-30",6,2527,11.6891,216.184308458307
"815","Ohio","2020-06-06",6,2572,11.6891,220.034048814708
"816","Ohio","2020-06-13",5,2414,11.6891,206.517182674457
"817","Ohio","2020-06-20",6,2400,11.6891,205.319485674688
"818","Ohio","2020-06-27",7,2406,11.6891,205.832784388875
"819","Ohio","2020-07-04",6,2518,11.6891,215.414360387027
"820","Ohio","2020-07-11",6,2531,11.6891,216.526507601098
"821","Ohio","2020-07-18",5,2519,11.6891,215.499910172725
"822","Ohio","2020-07-25",6,2479,11.6891,212.077918744814
"823","Ohio","2020-08-01",7,2597,11.6891,222.172793457152
"824","Ohio","2020-08-08",6,2568,11.6891,219.691849671917
"825","Ohio","2020-08-15",6,2583,11.6891,220.975096457383
"826","Ohio","2020-08-22",7,2582,11.6891,220.889546671686
"827","Ohio","2020-08-29",6,2619,11.6891,224.054888742504
"828","Ohio","2020-09-05",5,2438,11.6891,208.570377531204
"829","Oklahoma","2020-04-04",8,784,3.956971,198.131348448093
"830","Oklahoma","2020-04-11",6,874,3.956971,220.876018550553
"831","Oklahoma","2020-04-18",8,815,3.956971,205.965623705607
"832","Oklahoma","2020-04-25",7,799,3.956971,201.922126798503
"833","Oklahoma","2020-05-02",7,781,3.956971,197.373192778011
"834","Oklahoma","2020-05-09",6,802,3.956971,202.680282468585
"835","Oklahoma","2020-05-16",6,746,3.956971,188.528043293721
"836","Oklahoma","2020-05-23",6,827,3.956971,208.998246385935
"837","Oklahoma","2020-05-30",5,759,3.956971,191.813384530743
"838","Oklahoma","2020-06-06",7,823,3.956971,207.987372159159
"839","Oklahoma","2020-06-13",7,786,3.956971,198.636785561481
"840","Oklahoma","2020-06-20",7,757,3.956971,191.307947417355
"841","Oklahoma","2020-06-27",7,780,3.956971,197.120474221317
"842","Oklahoma","2020-07-04",7,813,3.956971,205.460186592219
"843","Oklahoma","2020-07-11",6,793,3.956971,200.405815458339
"844","Oklahoma","2020-07-18",8,810,3.956971,204.702030922137
"845","Oklahoma","2020-07-25",6,918,3.956971,231.995635045089
"846","Oklahoma","2020-08-01",7,919,3.956971,232.248353601783
"847","Oklahoma","2020-08-08",6,836,3.956971,211.272713396181
"848","Oklahoma","2020-08-15",8,886,3.956971,223.908641230881
"849","Oklahoma","2020-08-22",8,901,3.956971,227.699419581291
"850","Oklahoma","2020-08-29",8,855,3.956971,216.074365973367
"851","Oklahoma","2020-09-05",6,855,3.956971,216.074365973367
"852","Oregon","2020-04-04",7,773,4.217737,183.273637023835
"853","Oregon","2020-04-11",6,768,4.217737,182.088167185389
"854","Oregon","2020-04-18",6,763,4.217737,180.902697346942
"855","Oregon","2020-04-25",6,769,4.217737,182.325261153078
"856","Oregon","2020-05-02",6,715,4.217737,169.522186897855
"857","Oregon","2020-05-09",6,707,4.217737,167.625435156341
"858","Oregon","2020-05-16",6,714,4.217737,169.285092930166
"859","Oregon","2020-05-23",5,738,4.217737,174.97534815471
"860","Oregon","2020-05-30",6,744,4.217737,176.397911960845
"861","Oregon","2020-06-06",6,669,4.217737,158.615864384147
"862","Oregon","2020-06-13",5,715,4.217737,169.522186897855
"863","Oregon","2020-06-20",6,716,4.217737,169.759280865545
"864","Oregon","2020-06-27",6,689,4.217737,163.357743737933
"865","Oregon","2020-07-04",5,754,4.217737,178.768851637738
"866","Oregon","2020-07-11",5,731,4.217737,173.315690380884
"867","Oregon","2020-07-18",5,763,4.217737,180.902697346942
"868","Oregon","2020-07-25",6,735,4.217737,174.264066251642
"869","Oregon","2020-08-01",7,721,4.217737,170.944750703991
"870","Oregon","2020-08-08",6,772,4.217737,183.036543056146
"871","Oregon","2020-08-15",8,782,4.217737,185.407482733039
"872","Oregon","2020-08-22",7,788,4.217737,186.830046539175
"873","Oregon","2020-08-29",6,740,4.217737,175.449536090088
"874","Oregon","2020-09-05",5,713,4.217737,169.047998962477
"875","Pennsylvania","2020-04-04",4,2981,12.801989,232.854441602785
"876","Pennsylvania","2020-04-11",4,3444,12.801989,269.020696705801
"877","Pennsylvania","2020-04-18",5,3719,12.801989,290.501733754028
"878","Pennsylvania","2020-04-25",5,3802,12.801989,296.985101299493
"879","Pennsylvania","2020-05-02",6,3552,12.801989,277.456885801105
"880","Pennsylvania","2020-05-09",5,3414,12.801989,266.677310845994
"881","Pennsylvania","2020-05-16",4,3245,12.801989,253.476237169084
"882","Pennsylvania","2020-05-23",3,2958,12.801989,231.057845776934
"883","Pennsylvania","2020-05-30",3,2787,12.801989,217.700546376036
"884","Pennsylvania","2020-06-06",3,2709,12.801989,211.607743140539
"885","Pennsylvania","2020-06-13",3,2541,12.801989,198.484782325621
"886","Pennsylvania","2020-06-20",3,2587,12.801989,202.077973977325
"887","Pennsylvania","2020-06-27",5,2535,12.801989,198.01610515366
"888","Pennsylvania","2020-07-04",4,2553,12.801989,199.422136669544
"889","Pennsylvania","2020-07-11",3,2644,12.801989,206.530407110958
"890","Pennsylvania","2020-07-18",4,2561,12.801989,200.047039565492
"891","Pennsylvania","2020-07-25",5,2498,12.801989,195.125929259899
"892","Pennsylvania","2020-08-01",4,2632,12.801989,205.593052767035
"893","Pennsylvania","2020-08-08",6,2532,12.801989,197.781766567679
"894","Pennsylvania","2020-08-15",5,2651,12.801989,207.077197144912
"895","Pennsylvania","2020-08-22",4,2612,12.801989,204.030795527164
"896","Pennsylvania","2020-08-29",5,2566,12.801989,200.43760387546
"897","Pennsylvania","2020-09-05",5,2597,12.801989,202.85910259726
"898","Rhode Island","2020-04-04",9,224,1.059361,211.448222088599
"899","Rhode Island","2020-04-11",11,246,1.059361,232.215458186586
"900","Rhode Island","2020-04-18",8,270,1.059361,254.870624838936
"901","Rhode Island","2020-04-25",8,277,1.059361,261.478381779205
"902","Rhode Island","2020-05-02",7,319,1.059361,301.124923420817
"903","Rhode Island","2020-05-09",8,371,1.059361,350.211117834242
"904","Rhode Island","2020-05-16",8,292,1.059361,275.637860936923
"905","Rhode Island","2020-05-23",7,265,1.059361,250.15079845303
"906","Rhode Island","2020-05-30",6,242,1.059361,228.439597077861
"907","Rhode Island","2020-06-06",6,234,1.059361,220.887874860411
"908","Rhode Island","2020-06-13",7,205,1.059361,193.512881822155
"909","Rhode Island","2020-06-20",6,225,1.059361,212.39218736578
"910","Rhode Island","2020-06-27",8,194,1.059361,183.129263773161
"911","Rhode Island","2020-07-04",8,169,1.059361,159.53013184363
"912","Rhode Island","2020-07-11",8,173,1.059361,163.305992952355
"913","Rhode Island","2020-07-18",9,182,1.059361,171.801680446986
"914","Rhode Island","2020-07-25",7,175,1.059361,165.193923506718
"915","Rhode Island","2020-08-01",7,196,1.059361,185.017194327524
"916","Rhode Island","2020-08-08",8,199,1.059361,187.849090159068
"917","Rhode Island","2020-08-15",7,200,1.059361,188.793055436249
"918","Rhode Island","2020-08-22",6,198,1.059361,186.905124881886
"919","Rhode Island","2020-08-29",6,184,1.059361,173.689611001349
"920","Rhode Island","2020-09-05",5,196,1.059361,185.017194327524
"921","South Carolina","2020-04-04",5,1077,5.148714,209.178447278291
"922","South Carolina","2020-04-11",5,1140,5.148714,221.414512439417
"923","South Carolina","2020-04-18",5,1066,5.148714,207.041991456507
"924","South Carolina","2020-04-25",5,1052,5.148714,204.322865865146
"925","South Carolina","2020-05-02",5,1047,5.148714,203.351749582517
"926","South Carolina","2020-05-09",5,1079,5.148714,209.566893791343
"927","South Carolina","2020-05-16",4,1112,5.148714,215.976261256694
"928","South Carolina","2020-05-23",5,1052,5.148714,204.322865865146
"929","South Carolina","2020-05-30",4,1061,5.148714,206.070875173878
"930","South Carolina","2020-06-06",4,1063,5.148714,206.45932168693
"931","South Carolina","2020-06-13",5,1100,5.148714,213.645582178385
"932","South Carolina","2020-06-20",5,1058,5.148714,205.488205404301
"933","South Carolina","2020-06-27",5,1104,5.148714,214.422475204488
"934","South Carolina","2020-07-04",4,1187,5.148714,230.54300549613
"935","South Carolina","2020-07-11",4,1229,5.148714,238.700382270213
"936","South Carolina","2020-07-18",4,1358,5.148714,263.755182362042
"937","South Carolina","2020-07-25",4,1373,5.148714,266.668531209929
"938","South Carolina","2020-08-01",6,1366,5.148714,265.308968414249
"939","South Carolina","2020-08-08",4,1398,5.148714,271.524112623074
"940","South Carolina","2020-08-15",4,1347,5.148714,261.618726540258
"941","South Carolina","2020-08-22",6,1199,5.148714,232.873684574439
"942","South Carolina","2020-08-29",4,1258,5.148714,244.332856709462
"943","South Carolina","2020-09-05",5,1261,5.148714,244.915526479039
"944","South Dakota","2020-04-04",6,170,0.884659,192.164438501163
"945","South Dakota","2020-04-11",5,150,0.884659,169.556857501026
"946","South Dakota","2020-04-18",5,159,0.884659,179.730268951087
"947","South Dakota","2020-04-25",6,172,0.884659,194.425196601176
"948","South Dakota","2020-05-02",5,156,0.884659,176.339131801067
"949","South Dakota","2020-05-09",7,178,0.884659,201.207470901217
"950","South Dakota","2020-05-16",6,150,0.884659,169.556857501026
"951","South Dakota","2020-05-23",6,158,0.884659,178.599889901081
"952","South Dakota","2020-05-30",6,150,0.884659,169.556857501026
"953","South Dakota","2020-06-06",7,145,0.884659,163.904962250992
"954","South Dakota","2020-06-13",5,153,0.884659,172.947994651046
"955","South Dakota","2020-06-20",6,171,0.884659,193.294817551169
"956","South Dakota","2020-06-27",5,153,0.884659,172.947994651046
"957","South Dakota","2020-07-04",6,154,0.884659,174.078373701053
"958","South Dakota","2020-07-11",6,168,0.884659,189.903680401149
"959","South Dakota","2020-07-18",7,155,0.884659,175.20875275106
"960","South Dakota","2020-07-25",6,165,0.884659,186.512543251128
"961","South Dakota","2020-08-01",7,145,0.884659,163.904962250992
"962","South Dakota","2020-08-08",9,177,0.884659,200.07709185121
"963","South Dakota","2020-08-15",8,148,0.884659,167.296099401012
"964","South Dakota","2020-08-22",9,153,0.884659,172.947994651046
"965","South Dakota","2020-08-29",9,180,0.884659,203.468229001231
"966","South Dakota","2020-09-05",7,200,0.884659,226.075810001368
"967","Tennessee","2020-04-04",5,1519,6.829174,222.428071096153
"968","Tennessee","2020-04-11",4,1468,6.829174,214.960110842102
"969","Tennessee","2020-04-18",4,1481,6.829174,216.863708553919
"970","Tennessee","2020-04-25",5,1419,6.829174,207.785011774484
"971","Tennessee","2020-05-02",5,1436,6.829174,210.274331859168
"972","Tennessee","2020-05-09",5,1418,6.829174,207.638581181267
"973","Tennessee","2020-05-16",5,1480,6.829174,216.717277960702
"974","Tennessee","2020-05-23",5,1504,6.829174,220.231612197903
"975","Tennessee","2020-05-30",4,1387,6.829174,203.09923279155
"976","Tennessee","2020-06-06",6,1414,6.829174,207.052858808401
"977","Tennessee","2020-06-13",5,1437,6.829174,210.420762452384
"978","Tennessee","2020-06-20",5,1496,6.829174,219.060167452169
"979","Tennessee","2020-06-27",5,1521,6.829174,222.720932282586
"980","Tennessee","2020-07-04",5,1459,6.829174,213.642235503152
"981","Tennessee","2020-07-11",4,1539,6.829174,225.356682960487
"982","Tennessee","2020-07-18",5,1585,6.829174,232.092490248455
"983","Tennessee","2020-07-25",4,1624,6.829174,237.803283383906
"984","Tennessee","2020-08-01",5,1630,6.829174,238.681866943206
"985","Tennessee","2020-08-08",4,1614,6.829174,236.338977451739
"986","Tennessee","2020-08-15",5,1563,6.829174,228.871017197687
"987","Tennessee","2020-08-22",5,1601,6.829174,234.435379739922
"988","Tennessee","2020-08-29",6,1614,6.829174,236.338977451739
"989","Tennessee","2020-09-05",5,1537,6.829174,225.063821774053
"990","Texas","2020-04-04",5,4135,28.995881,142.60646193161
"991","Texas","2020-04-11",5,4214,28.995881,145.330986839131
"992","Texas","2020-04-18",5,4244,28.995881,146.365616550847
"993","Texas","2020-04-25",5,4398,28.995881,151.676715737659
"994","Texas","2020-05-02",5,4202,28.995881,144.917134954444
"995","Texas","2020-05-09",5,4228,28.995881,145.813814037932
"996","Texas","2020-05-16",5,4240,28.995881,146.227665922618
"997","Texas","2020-05-23",5,4200,28.995881,144.84815964033
"998","Texas","2020-05-30",6,4101,28.995881,141.433881591665
"999","Texas","2020-06-06",6,4171,28.995881,143.84801758567
"1000","Texas","2020-06-13",5,4333,28.995881,149.43501802894
"1001","Texas","2020-06-20",6,4473,28.995881,154.263290016951
"1002","Texas","2020-06-27",5,4528,28.995881,156.160111155098
"1003","Texas","2020-07-04",6,4970,28.995881,171.40365557439
"1004","Texas","2020-07-11",6,5697,28.995881,196.47618225499
"1005","Texas","2020-07-18",6,6188,28.995881,213.409621870086
"1006","Texas","2020-07-25",7,6239,28.995881,215.168492380004
"1007","Texas","2020-08-01",7,5879,28.995881,202.752935839404
"1008","Texas","2020-08-08",7,5649,28.995881,194.820774716243
"1009","Texas","2020-08-15",7,5703,28.995881,196.683108197333
"1010","Texas","2020-08-22",7,4991,28.995881,172.127896372592
"1011","Texas","2020-08-29",6,5029,28.995881,173.438427340766
"1012","Texas","2020-09-05",6,4874,28.995881,168.092840496897
"1013","Utah","2020-04-04",4,399,3.205958,124.455778896667
"1014","Utah","2020-04-11",3,378,3.205958,117.905474744211
"1015","Utah","2020-04-18",3,372,3.205958,116.03395927208
"1016","Utah","2020-04-25",3,382,3.205958,119.153151725631
"1017","Utah","2020-05-02",2,375,3.205958,116.969717008145
"1018","Utah","2020-05-09",2,357,3.205958,111.355170591754
"1019","Utah","2020-05-16",3,394,3.205958,122.896182669892
"1020","Utah","2020-05-23",3,364,3.205958,113.53860530924
"1021","Utah","2020-05-30",4,382,3.205958,119.153151725631
"1022","Utah","2020-06-06",4,396,3.205958,123.520021160602
"1023","Utah","2020-06-13",4,378,3.205958,117.905474744211
"1024","Utah","2020-06-20",4,390,3.205958,121.648505688471
"1025","Utah","2020-06-27",3,370,3.205958,115.41012078137
"1026","Utah","2020-07-04",2,426,3.205958,132.877598521253
"1027","Utah","2020-07-11",3,391,3.205958,121.960424933826
"1028","Utah","2020-07-18",4,423,3.205958,131.941840785188
"1029","Utah","2020-07-25",3,415,3.205958,129.446486822348
"1030","Utah","2020-08-01",2,420,3.205958,131.006083049123
"1031","Utah","2020-08-08",3,426,3.205958,132.877598521253
"1032","Utah","2020-08-15",3,436,3.205958,135.996790974804
"1033","Utah","2020-08-22",3,409,3.205958,127.574971350217
"1034","Utah","2020-08-29",3,371,3.205958,115.722040026725
"1035","Utah","2020-09-05",2,360,3.205958,112.29092832782
"1036","Vermont","2020-04-04",4,146,0.623989,233.978483595063
"1037","Vermont","2020-04-11",2,123,0.623989,197.118859467074
"1038","Vermont","2020-04-18",2,134,0.623989,214.747375354373
"1039","Vermont","2020-04-25",2,123,0.623989,197.118859467074
"1040","Vermont","2020-05-02",3,120,0.623989,192.311082406901
"1041","Vermont","2020-05-09",2,114,0.623989,182.695528286556
"1042","Vermont","2020-05-16",3,110,0.623989,176.285158872993
"1043","Vermont","2020-05-23",2,109,0.623989,174.682566519602
"1044","Vermont","2020-05-30",2,134,0.623989,214.747375354373
"1045","Vermont","2020-06-06",3,129,0.623989,206.734413587419
"1046","Vermont","2020-06-13",2,116,0.623989,185.900712993338
"1047","Vermont","2020-06-20",2,99,0.623989,158.656642985694
"1048","Vermont","2020-06-27",2,130,0.623989,208.33700594081
"1049","Vermont","2020-07-04",6,112,0.623989,179.490343579775
"1050","Vermont","2020-07-11",3,115,0.623989,184.298120639947
"1051","Vermont","2020-07-18",3,92,0.623989,147.438496511958
"1052","Vermont","2020-07-25",2,127,0.623989,203.529228880637
"1053","Vermont","2020-08-01",3,127,0.623989,203.529228880637
"1054","Vermont","2020-08-08",3,108,0.623989,173.079974166211
"1055","Vermont","2020-08-15",2,114,0.623989,182.695528286556
"1056","Vermont","2020-08-22",3,119,0.623989,190.708490053511
"1057","Vermont","2020-08-29",2,106,0.623989,169.87478945943
"1058","Vermont","2020-09-05",3,132,0.623989,211.542190647592
"1059","Virginia","2020-04-04",5,1484,8.535519,173.861718309103
"1060","Virginia","2020-04-11",5,1615,8.535519,189.20934977709
"1061","Virginia","2020-04-18",5,1606,8.535519,188.154932347992
"1062","Virginia","2020-04-25",6,1647,8.535519,192.958389524995
"1063","Virginia","2020-05-02",4,1677,8.535519,196.473114288657
"1064","Virginia","2020-05-09",5,1600,8.535519,187.45198739526
"1065","Virginia","2020-05-16",4,1588,8.535519,186.046097489795
"1066","Virginia","2020-05-23",6,1479,8.535519,173.275930848493
"1067","Virginia","2020-05-30",5,1460,8.535519,171.049938498174
"1068","Virginia","2020-06-06",6,1432,8.535519,167.769528718757
"1069","Virginia","2020-06-13",5,1444,8.535519,169.175418624222
"1070","Virginia","2020-06-20",6,1337,8.535519,156.639566967164
"1071","Virginia","2020-06-27",6,1452,8.535519,170.112678561198
"1072","Virginia","2020-07-04",6,1413,8.535519,165.543536368439
"1073","Virginia","2020-07-11",5,1521,8.535519,178.196545517619
"1074","Virginia","2020-07-18",5,1384,8.535519,162.1459690969
"1075","Virginia","2020-07-25",4,1500,8.535519,175.736238183056
"1076","Virginia","2020-08-01",6,1484,8.535519,173.861718309103
"1077","Virginia","2020-08-08",5,1545,8.535519,181.008325328548
"1078","Virginia","2020-08-15",5,1496,8.535519,175.267608214568
"1079","Virginia","2020-08-22",5,1469,8.535519,172.104355927273
"1080","Virginia","2020-08-29",4,1477,8.535519,173.041615864249
"1081","Virginia","2020-09-05",7,1510,8.535519,176.907813104276
"1082","Washington","2020-04-04",4,1320,7.614893,173.344523685362
"1083","Washington","2020-04-11",4,1317,7.614893,172.950558858805
"1084","Washington","2020-04-18",4,1250,7.614893,164.152011065684
"1085","Washington","2020-04-25",4,1227,7.614893,161.131614062075
"1086","Washington","2020-05-02",4,1163,7.614893,152.727031095512
"1087","Washington","2020-05-09",4,1223,7.614893,160.606327626665
"1088","Washington","2020-05-16",3,1145,7.614893,150.363242136167
"1089","Washington","2020-05-23",3,1113,7.614893,146.160950652885
"1090","Washington","2020-05-30",3,1058,7.614893,138.938262165995
"1091","Washington","2020-06-06",3,1059,7.614893,139.069583774848
"1092","Washington","2020-06-13",3,1101,7.614893,144.585091346655
"1093","Washington","2020-06-20",3,1147,7.614893,150.625885353872
"1094","Washington","2020-06-27",4,1091,7.614893,143.271875258129
"1095","Washington","2020-07-04",4,1134,7.614893,148.918704438789
"1096","Washington","2020-07-11",4,1155,7.614893,151.676458224692
"1097","Washington","2020-07-18",3,1173,7.614893,154.040247184038
"1098","Washington","2020-07-25",3,1186,7.614893,155.747428099121
"1099","Washington","2020-08-01",4,1232,7.614893,161.788222106338
"1100","Washington","2020-08-08",3,1220,7.614893,160.212362800108
"1101","Washington","2020-08-15",4,1166,7.614893,153.12099592207
"1102","Washington","2020-08-22",5,1199,7.614893,157.454609014204
"1103","Washington","2020-08-29",3,1125,7.614893,147.736809959116
"1104","Washington","2020-09-05",3,1226,7.614893,161.000292453223
"1105","West Virginia","2020-04-04",9,473,1.792147,263.929242411476
"1106","West Virginia","2020-04-11",11,524,1.792147,292.386729436815
"1107","West Virginia","2020-04-18",11,423,1.792147,236.029745327811
"1108","West Virginia","2020-04-25",12,470,1.792147,262.255272586456
"1109","West Virginia","2020-05-02",12,476,1.792147,265.603212236496
"1110","West Virginia","2020-05-09",10,455,1.792147,253.885423461357
"1111","West Virginia","2020-05-16",10,479,1.792147,267.277182061516
"1112","West Virginia","2020-05-23",12,438,1.792147,244.39959445291
"1113","West Virginia","2020-05-30",12,428,1.792147,238.819695036177
"1114","West Virginia","2020-06-06",12,416,1.792147,232.123815736098
"1115","West Virginia","2020-06-13",12,472,1.792147,263.371252469803
"1116","West Virginia","2020-06-20",10,419,1.792147,233.797785561117
"1117","West Virginia","2020-06-27",9,465,1.792147,259.46532287809
"1118","West Virginia","2020-07-04",8,433,1.792147,241.609644744544
"1119","West Virginia","2020-07-11",8,453,1.792147,252.76944357801
"1120","West Virginia","2020-07-18",8,426,1.792147,237.703715152831
"1121","West Virginia","2020-07-25",11,511,1.792147,285.132860195062
"1122","West Virginia","2020-08-01",9,482,1.792147,268.951151886536
"1123","West Virginia","2020-08-08",11,515,1.792147,287.364819961755
"1124","West Virginia","2020-08-15",10,462,1.792147,257.79135305307
"1125","West Virginia","2020-08-22",11,496,1.792147,276.763011069962
"1126","West Virginia","2020-08-29",10,455,1.792147,253.885423461357
"1127","West Virginia","2020-09-05",10,457,1.792147,255.001403344703
"1128","Wisconsin","2020-04-04",4,1243,5.822434,213.484601113555
"1129","Wisconsin","2020-04-11",4,1183,5.822434,203.179632435507
"1130","Wisconsin","2020-04-18",4,1154,5.822434,198.198897574451
"1131","Wisconsin","2020-04-25",3,1040,5.822434,178.61945708616
"1132","Wisconsin","2020-05-02",3,1160,5.822434,199.229394442256
"1133","Wisconsin","2020-05-09",3,1099,5.822434,188.75267628624
"1134","Wisconsin","2020-05-16",4,1012,5.822434,173.810471703071
"1135","Wisconsin","2020-05-23",3,1080,5.822434,185.489436204859
"1136","Wisconsin","2020-05-30",4,1149,5.822434,197.340150184613
"1137","Wisconsin","2020-06-06",5,1048,5.822434,179.9934529099
"1138","Wisconsin","2020-06-13",4,1013,5.822434,173.982221181039
"1139","Wisconsin","2020-06-20",4,1086,5.822434,186.519933072663
"1140","Wisconsin","2020-06-27",4,1019,5.822434,175.012718048843
"1141","Wisconsin","2020-07-04",4,1046,5.822434,179.649953953965
"1142","Wisconsin","2020-07-11",3,1050,5.822434,180.336951865835
"1143","Wisconsin","2020-07-18",4,1048,5.822434,179.9934529099
"1144","Wisconsin","2020-07-25",5,1096,5.822434,188.237427852338
"1145","Wisconsin","2020-08-01",4,1064,5.822434,182.741444557379
"1146","Wisconsin","2020-08-08",4,1100,5.822434,188.924425764208
"1147","Wisconsin","2020-08-15",4,1127,5.822434,193.561661669329
"1148","Wisconsin","2020-08-22",4,1054,5.822434,181.023949777705
"1149","Wisconsin","2020-08-29",4,1097,5.822434,188.409177330305
"1150","Wisconsin","2020-09-05",5,1048,5.822434,179.9934529099
"1151","Wyoming","2020-04-04",6,122,0.578759,210.795858034173
"1152","Wyoming","2020-04-11",4,107,0.578759,184.878334505381
"1153","Wyoming","2020-04-18",6,94,0.578759,162.416480780428
"1154","Wyoming","2020-04-25",5,102,0.578759,176.239159995784
"1155","Wyoming","2020-05-02",6,71,0.578759,122.676278036281
"1156","Wyoming","2020-05-09",5,86,0.578759,148.593801565073
"1157","Wyoming","2020-05-16",5,111,0.578759,191.789674113059
"1158","Wyoming","2020-05-23",5,101,0.578759,174.511325093865
"1159","Wyoming","2020-05-30",8,93,0.578759,160.688645878509
"1160","Wyoming","2020-06-06",6,115,0.578759,198.701013720737
"1161","Wyoming","2020-06-13",6,102,0.578759,176.239159995784
"1162","Wyoming","2020-06-20",5,107,0.578759,184.878334505381
"1163","Wyoming","2020-06-27",6,97,0.578759,167.599985486187
"1164","Wyoming","2020-07-04",6,103,0.578759,177.966994897704
"1165","Wyoming","2020-07-11",6,106,0.578759,183.150499603462
"1166","Wyoming","2020-07-18",5,107,0.578759,184.878334505381
"1167","Wyoming","2020-07-25",4,106,0.578759,183.150499603462
"1168","Wyoming","2020-08-01",6,93,0.578759,160.688645878509
"1169","Wyoming","2020-08-08",4,119,0.578759,205.612353328415
"1170","Wyoming","2020-08-15",7,113,0.578759,195.245343916898
"1171","Wyoming","2020-08-22",5,106,0.578759,183.150499603462
"1172","Wyoming","2020-08-29",6,91,0.578759,157.23297607467
"1173","Wyoming","2020-09-05",5,115,0.578759,198.701013720737
"1174","New York City","2020-04-04",7,6382,8.336817,765.519982026714
"1175","New York City","2020-04-11",6,8023,8.336817,962.357695988769
"1176","New York City","2020-04-18",6,6092,8.336817,730.734523739696
"1177","New York City","2020-04-25",6,4172,8.336817,500.430799908406
"1178","New York City","2020-05-02",6,2946,8.336817,353.372276253635
"1179","New York City","2020-05-09",4,2141,8.336817,256.81264204312
"1180","New York City","2020-05-16",4,1648,8.336817,197.67736295519
"1181","New York City","2020-05-23",3,1356,8.336817,162.652004955848
"1182","New York City","2020-05-30",3,1175,8.336817,140.941080990503
"1183","New York City","2020-06-06",3,1135,8.336817,136.143086744018
"1184","New York City","2020-06-13",4,1098,8.336817,131.704942066019
"1185","New York City","2020-06-20",3,1006,8.336817,120.669555299103
"1186","New York City","2020-06-27",3,1075,8.336817,128.94609537429
"1187","New York City","2020-07-04",2,977,8.336817,117.191009470401
"1188","New York City","2020-07-11",2,1029,8.336817,123.428401990832
"1189","New York City","2020-07-18",3,968,8.336817,116.111460764942
"1190","New York City","2020-07-25",2,1038,8.336817,124.507950696291
"1191","New York City","2020-08-01",3,983,8.336817,117.910708607374
"1192","New York City","2020-08-08",2,971,8.336817,116.471310333428
"1193","New York City","2020-08-15",3,999,8.336817,119.829906305968
"1194","New York City","2020-08-22",3,990,8.336817,118.750357600509
"1195","New York City","2020-08-29",3,989,8.336817,118.630407744347
"1196","New York City","2020-09-05",2,964,8.336817,115.631661340293
